,angle_of_attack,boat_angle,boat_heel,boat_speed,course_error,datetime,rudder_angle,target_angle,wind_direction,wind_speed
0,-173.34318711828894,359.9778537198,1.1073140100005643,4.981574672374348,-80.6158254009544,2018-11-12 16:36:57.800664,0.0,80.5936791207544,186.63466660151107,9.58396734702045
0,-172.52268580882597,359.9548496506756,1.1502034562208232,4.95539703285324,-80.6388294700788,2018-11-12 16:36:57.825261,0.0,80.5936791207544,187.43216384184964,8.865754963284408
0,-172.8221966116993,359.93131900329655,1.1765323689543028,4.9298738343201585,-80.66236011745787,2018-11-12 16:36:57.848811,0.0,80.5936791207544,187.10912239159725,9.446918130467166
0,-173.38274973902358,359.9092597966138,1.1029603341378995,4.913201660836503,-80.6844193241406,2018-11-12 16:36:57.876870,-0.3,80.5936791207544,186.52651005759023,9.60317011791004
0,-173.57966520251608,359.9152587631379,1.1740121720467056,4.905988571866486,-80.67842035761652,2018-11-12 16:36:57.906151,-0.6,80.5936791207544,186.33559356062182,10.537349097144247
0,-174.41033415371305,359.9553225794425,0.9404023278909653,4.889249203957322,-80.63835654131191,2018-11-12 16:36:57.928925,-0.8999999999999999,80.5936791207544,185.54498842572946,9.687210742025782
0,-173.65776733668247,0.02380373754260745,0.9762663785576646,4.864815417242265,-80.5698753832118,2018-11-12 16:36:57.960942,-1.2,80.5936791207544,186.36603640086017,8.864815192568795
0,-173.76798777038374,0.12075350859756225,0.9902899479429788,4.840992475195085,-80.47292561215684,2018-11-12 16:36:57.992378,-1.5,80.5936791207544,186.35276573821383,9.151459456047483
0,-174.6231340360368,0.2497597593385121,0.8111761757451337,4.81722876324195,-80.34391936141589,2018-11-12 16:36:58.021275,-1.8,80.5936791207544,185.62662572330171,8.68269954809738
0,-174.12476848298468,0.4067989636473358,0.8190515583943244,4.7871069294876145,-80.18688015710707,2018-11-12 16:36:58.049285,-2.1,80.5936791207544,186.28203048066263,8.023771955063003
0,-173.69631095608145,0.5893936068553125,0.9231923915251561,4.757738141577137,-80.00428551389909,2018-11-12 16:36:58.072163,-2.4,80.5936791207544,186.89308265077386,8.432675307718252
0,-173.87694823904468,0.7980345816346422,0.9865228008186392,4.7365921314215855,-79.79564453911976,2018-11-12 16:36:58.093736,-2.6999999999999997,80.5936791207544,186.92108634258997,9.278658091624292
0,-174.61151820238717,1.0359690989002166,0.8920728915595639,4.723445996609722,-79.55771002185419,2018-11-12 16:36:58.110536,-2.9999999999999996,80.5936791207544,186.42445089651306,9.53088141921232
0,-175.40592112486098,1.3029407972733398,0.8217530711730074,4.710628515168154,-79.29073832348107,2018-11-12 16:36:58.127761,-3.2999999999999994,80.5936791207544,185.89701967241237,10.296369065326685
0,-176.3961948111945,1.6018543568702341,0.5993961202101781,4.697512440921833,-78.99182476388417,2018-11-12 16:36:58.146093,-3.599999999999999,80.5936791207544,185.20565954567576,9.567683934804956
0,-177.06707619595898,1.9310750437495017,0.45001044335522267,4.676346864252977,-78.6626040770049,2018-11-12 16:36:58.163202,-3.899999999999999,80.5936791207544,184.86399884779055,8.822013643006324
0,-176.683017156292,2.2850466401796496,0.5391729490792174,4.655710427000843,-78.30863248057476,2018-11-12 16:36:58.181534,-4.199999999999999,80.5936791207544,185.60202948388763,9.348947683044084
0,-176.46669996704026,2.664105675105732,0.601032047099419,4.6439673049587045,-77.92957344564867,2018-11-12 16:36:58.199189,-4.499999999999999,80.5936791207544,186.19740570806547,9.78572945967121
0,-177.5705260210089,3.0741160331855677,0.39733496832236315,4.623687834573509,-77.51956308756884,2018-11-12 16:36:58.217243,-4.799999999999999,80.5936791207544,185.50359001217666,9.404145771531809
0,-177.34335389438047,3.5094798053809693,0.425512996182773,4.604367873063362,-77.08419931537344,2018-11-12 16:36:58.235165,-5.099999999999999,80.5936791207544,186.16612591100048,9.209792242122704
0,-176.9420101349088,3.969149649852565,0.4987839290433678,4.585530910590968,-76.62452947090183,2018-11-12 16:36:58.252476,-5.399999999999999,80.5936791207544,187.02713951494377,9.380434665569798
0,-177.2441305736288,4.454982975034458,0.4702006580965923,4.574945894691313,-76.13869614571995,2018-11-12 16:36:58.269793,-5.699999999999998,80.5936791207544,187.21085240140567,9.81291552751993
0,-177.28887011090933,4.967356712331684,0.458504734879166,4.564625504189149,-75.62632240842272,2018-11-12 16:36:58.287536,-5.999999999999998,80.5936791207544,187.67848660142232,9.72632007095622
0,-177.8263809856959,5.508273704102012,0.34190343661844247,4.546329578823192,-75.08540541665239,2018-11-12 16:36:58.305224,-6.299999999999998,80.5936791207544,187.68189271840615,9.043043378519942
0,-178.515604538954,6.0768195652547,0.21458328895168557,4.520186576712798,-74.5168595554997,2018-11-12 16:36:58.322378,-6.599999999999998,80.5936791207544,187.5612150263007,8.307582475438641
0,-179.75492697290667,6.672752371969934,0.03659107054281007,4.502180401644631,-73.92092674878447,2018-11-12 16:36:58.339827,-6.899999999999998,80.5936791207544,186.91782539906322,8.580297616281516
0,-179.70475720445137,7.293228657276163,0.041230506036476884,4.476625891603516,-73.30045046347824,2018-11-12 16:36:58.357429,-7.1999999999999975,80.5936791207544,187.5884714528248,8.023771955063003
0,178.70487907392527,7.941479755638823,0.1808484985876761,4.452225481673614,-72.65219936511558,2018-11-12 16:36:58.374843,-7.499999999999997,80.5936791207544,186.6463588295641,8.023771955063003
0,177.68804923705255,8.615769123630155,0.3227772870145733,4.428964816763186,-71.97790999712424,2018-11-12 16:36:58.391754,-7.799999999999997,80.5936791207544,186.3038183606827,8.023771955063003
0,177.35345624384377,9.314076830945984,0.3694597950386846,4.406829900657783,-71.27960228980842,2018-11-12 16:36:58.408818,-8.099999999999998,80.5936791207544,186.66753307478973,8.023771955063003
0,176.41625078819663,10.038368686246557,0.5192705697005912,4.385807087048321,-70.55531043450785,2018-11-12 16:36:58.425918,-8.399999999999999,80.5936791207544,186.4546194744432,8.331451795855138
0,175.54619350178837,10.787611348324074,0.6213535726699289,4.365309843779096,-69.80606777243032,2018-11-12 16:36:58.443075,-8.6887002186918,80.5936791207544,186.33380485011241,8.023771955063003
0,174.0173006370262,11.564606043187638,0.9208661488773536,4.353974541068496,-69.02907307756676,2018-11-12 16:36:58.460454,-8.95193296000275,80.5936791207544,185.58190668021382,8.862282541436494
0,173.88932422502376,12.363765852387035,0.9815022587659633,4.34292262092566,-68.22991326836737,2018-11-12 16:36:58.479785,-9.18881428153221,80.5936791207544,186.25309007741083,9.249972006641975
0,173.35946549731136,13.183500952518969,1.0804456038457018,4.332711282690768,-67.41017816823543,2018-11-12 16:36:58.498962,-9.400737029500732,80.5936791207544,186.54296644983032,9.373557300025059
0,172.94686935534367,14.022917517549871,1.2401488582183824,4.330968172997847,-66.57076160320453,2018-11-12 16:36:58.518391,-9.591289574835066,80.5936791207544,186.9697868728935,10.13524279138671
0,171.62829649197243,14.885950896037356,1.6120990377575843,4.340334628943426,-65.70772822471704,2018-11-12 16:36:58.537391,-9.761713742253647,80.5936791207544,186.51424738800978,11.115035535656288
0,170.99714666662953,15.765942301609648,1.630466085278221,4.339797531786976,-64.82773681914475,2018-11-12 16:36:58.556087,-9.910488770494453,80.5936791207544,186.76308896823915,10.456967813097862
0,169.30458557822584,16.66419249462916,1.9029949459812616,4.340761050544341,-63.92948662612524,2018-11-12 16:36:58.574789,-10.038976378464561,80.5936791207544,185.968778072855,10.29006339276347
0,167.53877808829213,17.581533035560373,2.290229395586922,4.353711123895744,-63.01214608519403,2018-11-12 16:36:58.593545,-10.149855579168658,80.5936791207544,185.1203111238525,10.652322627381992
0,167.02662757788164,18.516611362080557,2.5643771850473147,4.367248935229739,-62.07706775867385,2018-11-12 16:36:58.612309,-10.242060212193302,80.5936791207544,185.54323893996218,11.467267640437985
0,165.64539858212436,19.464539932471748,2.666801963299404,4.381341543088864,-61.12913918828265,2018-11-12 16:36:58.630916,-10.315850778467606,80.5936791207544,185.1099385145961,10.79587685334664
0,164.4610786983459,20.426036114861716,2.8775435514927006,4.396813575344776,-60.167643005892685,2018-11-12 16:36:58.649465,-10.374347330011915,80.5936791207544,184.88711481320763,10.780343239715414
0,163.42549461280157,21.396472727463202,2.9077594541361167,4.4013568122206,-59.1972063932912,2018-11-12 16:36:58.669094,-10.419634953621333,80.5936791207544,184.82196734026473,10.228183296043927
0,162.1001637279192,22.375342557296133,3.082960207673415,4.406699922964697,-58.218336563458266,2018-11-12 16:36:58.688369,-10.453668556125606,80.5936791207544,184.47550628521535,10.064191144107207
0,160.7210058052138,23.35725161397252,3.0292724128420025,4.403844913915942,-57.23642750678188,2018-11-12 16:36:58.707646,-10.479015334908397,80.5936791207544,184.07825741918631,9.202758267432488
0,160.2080227444444,24.344862944686366,3.2326081502088404,4.411020675917079,-56.24881617606803,2018-11-12 16:36:58.727118,-10.498625891653738,80.5936791207544,184.55288568913073,9.57684345897338
0,159.2692757818279,25.341035944740362,3.498994125896632,4.418998442877443,-55.25264317601403,2018-11-12 16:36:58.744597,-10.513865697958622,80.5936791207544,184.61031172656828,9.91683231082804
0,158.54318025828195,26.34645436955836,3.8101650929981217,4.426776765663798,-54.24722475119604,2018-11-12 16:36:58.762224,-10.521973532574698,80.5936791207544,184.88963462784034,10.451356377750281
0,158.35655427741222,27.35615079860735,3.9063934895183454,4.445904115786902,-53.23752832214706,2018-11-12 16:36:58.779358,-10.521177820138703,80.5936791207544,185.71270507601957,10.627858543538933
0,158.34254182995198,28.369894567697607,3.9110406810323775,4.4645532821569285,-52.22378455305679,2018-11-12 16:36:58.799251,-10.513620393205215,80.5936791207544,186.71243639764958,10.633965603027145
0,157.82557579635363,29.391122984472087,4.1228024048877625,4.4827362193677045,-51.20255613628231,2018-11-12 16:36:58.819238,-10.501900294135588,80.5936791207544,187.21669878082568,10.962148493739644
0,156.75781621592057,30.423521428668778,4.542673389124517,4.5100392733725885,-50.17015769208564,2018-11-12 16:36:58.837193,-10.484414201203215,80.5936791207544,187.18133764458935,11.554231615290723
0,155.38012840953297,31.465140965802206,4.795857050939605,4.537785388507732,-49.128538154952196,2018-11-12 16:36:58.854739,-10.45760077071764,80.5936791207544,186.84526937533516,11.554231615290723
0,153.66504108191037,32.516371877413334,5.107197604346642,4.565395424590081,-48.07730724334107,2018-11-12 16:36:58.872430,-10.420591780052582,80.5936791207544,186.18141295932372,11.554231615290723
0,151.94095180535305,33.56711016345914,4.962792268117099,4.585972010737427,-47.02656895729527,2018-11-12 16:36:58.889763,-10.374166555680297,80.5936791207544,185.5080619688122,10.584990636339986
0,150.12999965322888,34.62947307658517,5.542508197223584,4.6077075569720725,-45.96420604416923,2018-11-12 16:36:58.906939,-10.323181956851833,80.5936791207544,184.75947272981404,11.166416232093342
0,148.83877356824047,35.69567669168957,5.743977240636308,4.629709848838146,-44.89800242906483,2018-11-12 16:36:58.924050,-10.266631357265915,80.5936791207544,184.53445025993003,11.137539123937362
0,148.4962385623828,36.76664741899654,6.017012056223957,4.658293787561244,-43.827031701757846,2018-11-12 16:36:58.941142,-10.202348093150697,80.5936791207544,185.26288598137938,11.554231615290723
0,147.4029895117481,37.84122773923338,6.2034812709807685,4.686696225373685,-42.75245138152101,2018-11-12 16:36:58.958325,-10.133760921945004,80.5936791207544,185.24421725098148,11.554231615290723
0,146.25247190151094,38.91905097816769,6.397302884996469,4.714918203188495,-41.6746281425867,2018-11-12 16:36:58.975704,-10.060985398173095,80.5936791207544,185.17152287967866,11.554231615290723
0,145.4320664099148,39.99846458348476,6.533957069993808,4.742960735895879,-40.59521453726964,2018-11-12 16:36:58.992733,-9.984783618587521,80.5936791207544,185.43053099339954,11.554231615290723
0,144.85506702052578,41.07401842634832,6.420255483800916,4.7646595375309,-39.51966069440607,2018-11-12 16:36:59.009519,-9.906165196461835,80.5936791207544,185.9290854468741,11.18876486050537
0,143.8114839590931,42.15400795517436,6.7999719576233835,4.791981144607929,-38.43967116558005,2018-11-12 16:36:59.026183,-9.816672989731673,80.5936791207544,185.96549191426746,11.554231615290723
0,143.58549299404535,43.23156708566001,6.836644654706626,4.818619711508033,-37.362112035094384,2018-11-12 16:36:59.043010,-9.69989308302638,80.5936791207544,186.81706007970533,11.554231615290723
0,141.55486008953375,44.30227460236925,6.795279826070706,4.840567478032574,-36.29140451838515,2018-11-12 16:36:59.059811,-9.555171554247897,80.5936791207544,185.85713469190298,10.961799444687443
0,140.6463792710702,45.35465635618425,6.3666350182354385,4.856166680400021,-35.239022764570166,2018-11-12 16:36:59.076731,-9.388323343610075,80.5936791207544,186.00103562725445,10.067659934637327
0,140.36167358826532,46.388663284641204,6.109083416786871,4.872182772759677,-34.205015836113205,2018-11-12 16:36:59.093680,-9.20775427746222,80.5936791207544,186.75033687290653,9.601014371427796
0,138.60036741042416,47.42130236326631,6.770092164799238,4.888575025553296,-33.17237675748811,2018-11-12 16:36:59.110527,-9.019685332229077,80.5936791207544,186.02166977369043,10.264985939059308
0,137.98338280269707,48.44854535141078,7.268740953739115,4.911333938727244,-32.14513376934363,2018-11-12 16:36:59.127750,-8.815671747625252,80.5936791207544,186.43192815410782,10.89017025850864
0,136.835491398204,49.46357943901182,7.454996533261479,4.934104113183011,-31.130099681742593,2018-11-12 16:36:59.144582,-8.589359058474056,80.5936791207544,186.2990708372158,10.927955080891568
0,136.1541994684775,50.45359177802927,7.119825090849658,4.951096176844252,-30.14008734272514,2018-11-12 16:36:59.161473,-8.346473012644863,80.5936791207544,186.6077912465068,10.304767313383664
0,134.42071002713215,51.43240646117155,7.616543534074474,4.974469383521124,-29.161272659582835,2018-11-12 16:36:59.178211,-8.097451982903745,80.5936791207544,185.8531164883037,10.692041360583767
0,132.98793229396915,52.39468571349003,7.833435642436827,4.997742751369262,-28.198993407264368,2018-11-12 16:36:59.195311,-7.842070288313438,80.5936791207544,185.38261800745917,10.736172854486743
0,131.6373784554421,53.32949325210186,7.547726991445196,5.015583339261926,-27.264185868652532,2018-11-12 16:36:59.212127,-7.576498155764662,80.5936791207544,184.96687170754396,10.122865432144922
0,130.60819111165716,54.25207782475415,8.128670712612399,5.038726033813181,-26.34160129600025,2018-11-12 16:36:59.229131,-7.309559407015824,80.5936791207544,184.8602689364113,10.733350355970316
0,130.63514272668118,55.14957279700047,8.043881332481206,5.061290161000656,-25.444106323753942,2018-11-12 16:36:59.246109,-7.039403383783771,80.5936791207544,185.78471552368165,10.625431505785336
0,129.5891452488122,56.01813412747218,7.799603437925929,5.078579964894919,-24.57554499328222,2018-11-12 16:36:59.263030,-6.765466269428325,80.5936791207544,185.6072793762844,10.143897796324119
0,129.09770033284434,56.85364026868514,7.4163456115571735,5.095911013350354,-23.74003885206926,2018-11-12 16:36:59.280384,-6.496826742901367,80.5936791207544,185.95134060152947,9.576441053107791
0,128.1972266407589,57.675449053254944,7.983188277509813,5.113251967944489,-22.91823006749945,2018-11-12 16:36:59.297354,-6.238293978360757,80.5936791207544,185.87267569401382,10.180552787175769
0,126.94135356524072,58.4657320476915,7.6161807603584855,5.130573637601527,-22.1279470730629,2018-11-12 16:36:59.314330,-5.982592267156858,80.5936791207544,185.40708561293224,9.548268135072657
0,126.05978065448096,59.244721108896755,8.255322889868768,5.147855744339242,-21.348958011857633,2018-11-12 16:36:59.331544,-5.729745054480249,80.5936791207544,185.3045017633777,10.233401553309806
0,124.43466630668303,60.007399317747215,8.638009450217538,5.165434567394094,-20.586279803007187,2018-11-12 16:36:59.348814,-5.478832976955781,80.5936791207544,184.44206562443023,10.494958434457466
0,124.08512419612771,60.73488050505366,8.073506117176159,5.182573919872574,-19.85879861570075,2018-11-12 16:36:59.365816,-5.222656337003105,80.5936791207544,184.8200047011814,9.766851580606271
0,124.2340814122768,61.43538831325027,7.958587885221172,5.199284788539093,-19.15829080750413,2018-11-12 16:36:59.382896,-4.9740466043171825,80.5936791207544,185.66946972552708,9.644668670139382
0,124.13569341296551,62.10002441625429,7.370320302890361,5.208984974601122,-18.493654704500102,2018-11-12 16:36:59.399676,-4.739009376753257,80.5936791207544,186.2357178292198,8.920049809806985
0,124.4575791575968,62.7427797213297,7.45233661576871,5.218442656011599,-17.85089939942469,2018-11-12 16:36:59.416641,-4.518778788765436,80.5936791207544,187.20035887892647,9.05430925455655
0,123.0928752718039,63.36604182024557,7.582116961419914,5.228150980479739,-17.22763730050883,2018-11-12 16:36:59.435431,-4.311355569711334,80.5936791207544,186.45891709204946,9.065845839973882
0,121.50761635778184,63.96009518387633,7.162250332554622,5.229657475875987,-16.63358393687807,2018-11-12 16:36:59.452283,-4.109037800228419,80.5936791207544,185.46771154165816,8.4136903787461
0,121.48529119545776,64.54990323586941,8.001542349032347,5.239969282859703,-16.043775884885008,2018-11-12 16:36:59.469631,-3.9162196673770597,80.5936791207544,186.03519443132717,9.399069448530618
0,120.85552252235118,65.12876490407115,8.422212648100514,5.2561929492833555,-15.464914216683269,2018-11-12 16:36:59.487057,-3.725383356687273,80.5936791207544,185.98428742642236,9.828105604439434
0,120.55660903035812,65.68817226086367,8.38903410682886,5.272011024046416,-14.90550685989075,2018-11-12 16:36:59.504388,-3.527671352006955,80.5936791207544,186.24478129122178,9.758834180185495
0,120.13601635230748,66.24419700662125,9.203315030885426,5.292206175373885,-14.349482114133139,2018-11-12 16:36:59.521362,-3.3311745110070943,80.5936791207544,186.38021335892873,10.661626648938052
0,118.7295863397153,66.79696776644718,10.00927567289668,5.312114130446949,-13.796711354307206,2018-11-12 16:36:59.543051,-3.1321955125853576,80.5936791207544,185.52655410616248,11.43638450179548
0,117.58597741482947,67.33417047562604,10.221555417215122,5.3354921904940245,-13.259508645128363,2018-11-12 16:36:59.569290,-2.922715543651266,80.5936791207544,184.92014789045552,11.554231615290723
0,117.0762989985277,67.8402934571491,9.712023117966261,5.35470716225292,-12.753385663605286,2018-11-12 16:36:59.588864,-2.7092165252770877,80.5936791207544,184.9165924556768,10.926467837876727
0,116.15565759964102,68.33220596172102,10.08856409660029,5.3736132442528985,-12.261473159033386,2018-11-12 16:36:59.606443,-2.5063883215162597,80.5936791207544,184.48786356136202,11.259031888664325
0,114.79559089591851,68.81099844222038,10.471262545228265,5.39599184997129,-11.782680678534007,2018-11-12 16:36:59.624608,-2.3139074074446055,80.5936791207544,183.60658933813892,11.554231615290723
0,115.23969989237895,69.25974792921586,9.951648837614874,5.414021899982123,-11.33393119153854,2018-11-12 16:36:59.642034,-2.123121931872316,80.5936791207544,184.4994478215948,11.020101458499132
0,115.79194456336131,69.69502923739722,10.269436773578786,5.431445113538871,-10.898649883357166,2018-11-12 16:36:59.660748,-1.9426992279133561,80.5936791207544,185.4869738007585,11.425535930020413
0,115.80059170333845,70.10498361886067,9.946054844646362,5.4484327467567,-10.488695501893744,2018-11-12 16:36:59.679185,-1.7731500774088649,80.5936791207544,185.90557532219916,11.065954026714412
0,115.06296099749113,70.48733939284529,9.456899752561728,5.46081649231894,-10.10633972790913,2018-11-12 16:36:59.696411,-1.612749620133811,80.5936791207544,185.5503003903364,10.456088623482472
0,113.72039432247118,70.83719292613615,8.68574694093577,5.467497837162589,-9.756486194618248,2018-11-12 16:36:59.713329,-1.4692530356075215,80.5936791207544,184.55758724860732,9.499932955634058
0,112.94094797851932,71.16187325051897,8.200878424711698,5.474208250387883,-9.43180587023545,2018-11-12 16:36:59.733098,-1.3470605368352293,80.5936791207544,184.10282122903828,8.916057781609492
0,113.56204693056975,71.47377468285879,8.220981712475794,5.480554801279808,-9.119904437895627,2018-11-12 16:36:59.756449,-1.2455887547542757,80.5936791207544,185.03582161342857,8.979999813198143
0,113.85651117398282,71.76838025962213,7.903761407878292,5.486742688399436,-8.825298861132268,2018-11-12 16:36:59.775517,-1.1552954873403563,80.5936791207544,185.62489143360497,8.652725011497044
0,113.66404729457918,72.05951613771522,8.217984836548801,5.492775878341073,-8.534162983039181,2018-11-12 16:36:59.792571,-1.0726744543170716,80.5936791207544,185.7235634322944,8.983765701440834
0,113.81661082381959,72.33770939464401,8.017702478453836,5.498658238534169,-8.25596972611038,2018-11-12 16:36:59.809734,-0.993157801464828,80.5936791207544,186.15432021846357,8.774898012600055
0,113.33880965949862,72.62114002168103,8.710496024662305,5.504589641725174,-7.972539099073373,2018-11-12 16:36:59.826580,-0.9148924771066432,80.5936791207544,185.95994968117967,9.49922171206488
0,113.03832127120404,72.88126078775913,7.969930651131381,5.510372759836403,-7.71241833299527,2018-11-12 16:36:59.843526,-0.8333940126005734,80.5936791207544,185.91958205896316,8.670969748604925
0,112.04521469863437,73.1275044281629,7.719870354943476,5.508536718621244,-7.466174692591494,2018-11-12 16:36:59.860538,-0.7544287743679006,80.5936791207544,185.1727191267973,8.337935293963403
0,111.46358298552605,73.35981351356934,7.459655665132034,5.506926209260085,-7.233865607185066,2018-11-12 16:36:59.877621,-0.6879009384417485,80.5936791207544,184.8233964990954,8.023771955063003
0,111.04348609926257,73.59652875660944,8.047542444725574,5.512972948325445,-6.997150364144943,2018-11-12 16:36:59.894708,-0.6294712157162734,80.5936791207544,184.640014855872,8.631962616006263
0,110.03439173210717,73.83696999314846,8.551804042957574,5.51899445205394,-6.756709127605944,2018-11-12 16:36:59.911951,-0.5698878105966215,80.5936791207544,183.8713617252556,9.112590032895854
0,109.15312668714961,74.08870112872724,9.441349113963419,5.530353475734029,-6.504977992027165,2018-11-12 16:36:59.929760,-0.5002272989972091,80.5936791207544,183.24182781587686,10.006106935977845
0,109.0551321468119,74.31549634159974,8.573326861959012,5.536043009796087,-6.278182779154662,2018-11-12 16:36:59.946828,-0.416765562738999,80.5936791207544,183.37062848841165,9.07976340285149
0,109.26453063706896,74.52469885038867,8.152893359121864,5.541590305506594,-6.068980270365728,2018-11-12 16:36:59.963989,-0.3344569579922243,80.5936791207544,183.78922948745765,8.645124168758194
0,109.64719063535188,74.73662842146315,8.74305511770485,5.546896375305559,-5.85705069929125,2018-11-12 16:36:59.980927,-0.2681826039206491,80.5936791207544,184.383819056815,9.293704039576896
0,109.01888364609351,74.9238199178302,7.871993704745108,5.544588517890554,-5.669859202924215,2018-11-12 16:36:59.997897,-0.20404283147122435,80.5936791207544,183.94270356392371,8.334454340319732
0,108.43426139500201,75.10013443295725,7.684392215819016,5.5424203694505625,-5.4935446877971685,2018-11-12 16:37:00.015196,-0.14622877782357327,80.5936791207544,183.53439582795926,8.107305987297357
0,108.45004112037032,75.26843530644534,7.604582317595427,5.540306424721571,-5.3252438143090615,2018-11-12 16:37:00.032135,-0.1018143892714618,80.5936791207544,183.71847642681567,8.023771955063003
0,107.9793219728208,75.44515660193315,8.27198185938104,5.54582628895673,-5.148522518821267,2018-11-12 16:37:00.049209,-0.0626377903216116,80.5936791207544,183.42447857475392,8.704850304998127
0,108.23792456187903,75.62790926453368,8.79025482577852,5.551208156586009,-4.9657698562207315,2018-11-12 16:37:00.066216,-0.01883976880419233,80.5936791207544,183.86583382641274,9.26459909250704
0,107.66708389134874,75.82374729294847,9.68731794248566,5.561829988576789,-4.7699318278059195,2018-11-12 16:37:00.083134,0.03675296383445435,80.5936791207544,183.49083118429724,10.177846339678995
0,107.13155992101201,76.0068752415153,9.36081116476534,5.5722386916343485,-4.586803879239085,2018-11-12 16:37:00.100106,0.10680001364697994,80.5936791207544,183.13843516252732,9.80535356884768
0,106.13829749038473,76.19379015341329,9.940860763209624,5.582423859924575,-4.399888967341099,2018-11-12 16:37:00.117387,0.18161290515682615,80.5936791207544,182.33208764379805,10.359128367287072
0,105.81268597175603,76.3798248904862,10.315577068663112,5.596504642946198,-4.213854230268197,2018-11-12 16:37:00.134400,0.25663711120570915,80.5936791207544,182.19251086224222,10.732309979341036
0,106.27920639785981,76.57266709403059,11.078380961634624,5.613896370827777,-4.02101202672381,2018-11-12 16:37:00.151743,0.33776557993444817,80.5936791207544,182.85187349189042,11.554231615290723
0,106.42255356648815,76.74727726917004,10.626689720356518,5.62719034107682,-3.8464018515843463,2018-11-12 16:37:00.170877,0.4266787495749974,80.5936791207544,183.1698308356582,11.090871042970688
0,106.4156170346464,76.89898868923963,9.986573541830257,5.636001718130984,-3.694690431514772,2018-11-12 16:37:00.188290,0.5142448926273141,80.5936791207544,183.31460572388605,10.421722026154544
0,105.77389700504557,77.03362183108445,9.629942190628064,5.644592810758795,-3.560057289669942,2018-11-12 16:37:00.205432,0.5850384294439637,80.5936791207544,182.80751883613001,10.016345634241027
0,105.80176071270739,77.16692234218637,9.96732926795339,5.65296912607091,-3.426756778568034,2018-11-12 16:37:00.223107,0.6392092781594174,80.5936791207544,182.96868305489377,10.369064478062613
0,106.00767236104844,77.30286337646515,10.410482028472618,5.665286277438875,-3.2908157442892616,2018-11-12 16:37:00.240268,0.6875071851685854,80.5936791207544,183.3105357375136,10.841809155891527
0,106.15403184374162,77.44667519650591,11.085516023814101,5.680958464458137,-3.1470039242485086,2018-11-12 16:37:00.257226,0.739857564251694,80.5936791207544,183.60070704024753,11.554231615290723
0,105.16974164681329,77.58540881763382,11.139781148524468,5.696200973542811,-3.0082703031205824,2018-11-12 16:37:00.278451,0.801058893305244,80.5936791207544,182.75515046444713,11.554231615290723
0,104.24025071087158,77.71404014872894,10.994559002666541,5.7074259829687035,-2.879638972025475,2018-11-12 16:37:00.298140,0.8671248563115691,80.5936791207544,181.95429085960052,11.35424344694345
0,104.0039755738847,77.81852281484714,10.173184241301211,5.71425763242145,-2.7751563059072737,2018-11-12 16:37:00.315334,0.928816358122449,80.5936791207544,181.82249838873184,10.49416408424192
0,103.3137500048241,77.91880393259181,10.321551850752861,5.725002443735366,-2.674875188162588,2018-11-12 16:37:00.332371,0.9759944490814215,80.5936791207544,181.2325539374159,10.615739090984126
0,103.19482705210419,78.0065057992683,9.972663939887148,5.73138416230572,-2.587173321486091,2018-11-12 16:37:00.349287,1.0115044613088005,80.5936791207544,181.2013328513725,10.251515325488464
0,103.5573593315836,78.10509390573944,10.726725973203965,5.741729592012541,-2.4885852150149503,2018-11-12 16:37:00.366609,1.0408166204822396,80.5936791207544,181.662453237323,11.044234751775205
0,103.65328705252762,78.20213747835628,10.828266220523316,5.75181638597669,-2.391541642398124,2018-11-12 16:37:00.383632,1.0717469766806846,80.5936791207544,181.8554245308839,11.153470764281586
0,103.81791397494197,78.28844763304058,10.479999556307472,5.761651010091736,-2.305231487713826,2018-11-12 16:37:00.400495,1.109774275164715,80.5936791207544,182.10636160798256,10.802124958125127
0,104.35768701601631,78.36357661873156,10.150581358025057,5.767127033866407,-2.230102502022845,2018-11-12 16:37:00.418478,1.1438203516224317,80.5936791207544,182.72126363474786,10.487417851456364
0,104.2682667948601,78.43978550054686,10.407001362493176,5.77657889178421,-2.1538936202075547,2018-11-12 16:37:00.436701,1.1687873592595002,80.5936791207544,182.708052295407,10.748251252012453
0,103.33203304506776,78.51025236253751,10.274935488015002,5.785765671614056,-2.0834267582168877,2018-11-12 16:37:00.453815,1.1906089525074468,80.5936791207544,181.84228540760526,10.56856409432207
0,102.39382069776099,78.59607565722916,11.179749140316869,5.794678594466562,-1.9976034635252518,2018-11-12 16:37:00.472835,1.2118611554550034,80.5936791207544,180.98989635499015,11.456416913649658
0,102.93145633890913,78.66914211675868,10.675668873456296,5.80341288172935,-1.924537003995738,2018-11-12 16:37:00.491225,1.2400661472080237,80.5936791207544,181.60059845566778,10.962921811064614
0,103.30466765914923,78.72639782942395,10.05940148616675,5.807834339349855,-1.867281291330471,2018-11-12 16:37:00.509305,1.2713975992187052,80.5936791207544,182.03106548857318,10.345495221770891
0,103.89118021421166,78.78146703286292,10.137526807658233,5.812155779893073,-1.8122120878914814,2018-11-12 16:37:00.527030,1.2898766530328338,80.5936791207544,182.6726472470746,10.452159644777332
0,104.77735799588078,78.83358675364094,10.102950083174893,5.816363969728494,-1.760092367113458,2018-11-12 16:37:00.544639,1.300733808887675,80.5936791207544,183.61094474952174,10.458337545226993
0,105.64274574610715,78.88393150129582,10.082778642965652,5.8204460060663665,-1.7097476194585965,2018-11-12 16:37:00.562001,1.310325961818345,80.5936791207544,184.52667724740297,10.4809858702189
0,105.96967863804974,78.94921660990013,10.890936941326293,5.828576235434444,-1.6444625108542823,2018-11-12 16:37:00.579541,1.3188145055483225,80.5936791207544,184.91889524794988,11.340537754529096
0,106.58062263730676,79.01670006853153,11.060983817554867,5.840183463063759,-1.5769790522228675,2018-11-12 16:37:00.596458,1.3355178709065534,80.5936791207544,185.59732270583828,11.554231615290723
0,106.25376622534543,79.08230338768612,11.079835342024202,5.8514832204423985,-1.5113757330682915,2018-11-12 16:37:00.613343,1.3624776782188461,80.5936791207544,185.33606961303158,11.554231615290723
0,105.61486676540818,79.13857626052526,10.786158914281707,5.858837519451076,-1.4551028602291467,2018-11-12 16:37:00.630230,1.3912366737851343,80.5936791207544,184.75344302593345,11.211378619570544
0,105.0960046969945,79.1984299603961,11.143714616351344,5.869633052160927,-1.3952491603583042,2018-11-12 16:37:00.647094,1.415797198276266,80.5936791207544,184.2944346573906,11.554231615290723
0,104.04675176087244,79.24924055011175,10.850739515941793,5.876522259621367,-1.3444385706426374,2018-11-12 16:37:00.663980,1.4389792556223022,80.5936791207544,183.29599231098422,11.195889324537312
0,103.31889820674098,79.2890750985286,10.447921047640905,5.883210455255284,-1.304604022225817,2018-11-12 16:37:00.681925,1.4607004361494909,80.5936791207544,182.6079733052696,10.746056338825916
0,102.51710244955024,79.30736822430562,9.508264366801281,5.885636973537641,-1.2863108964487822,2018-11-12 16:37:00.698815,1.473407904660089,80.5936791207544,181.82447067385587,9.74700108059372
0,101.72519345812896,79.33349801655434,9.978433653205805,5.887976575442268,-1.2601811042000577,2018-11-12 16:37:00.715982,1.470313969345797,80.5936791207544,181.05869147468331,10.198519996669274
0,101.19775982339945,79.36562843377439,10.263695071056484,5.890215699821167,-1.2280506869799979,2018-11-12 16:37:00.732977,1.4610209007536752,80.5936791207544,180.56338825717384,10.470372821822403
0,100.52503724628298,79.4151119054166,11.079901829496265,5.896457778645317,-1.1785672153378073,2018-11-12 16:37:00.750274,1.4594497383135674,80.5936791207544,179.9401491516996,11.277697420419553
0,100.59776973732733,79.457464476617,10.723212322041439,5.902543805498864,-1.1362146441373966,2018-11-12 16:37:00.767292,1.4707925023612474,80.5936791207544,180.05523421394432,10.917019793871066
0,99.73918256714722,79.50019982599491,10.818184642882311,5.908402682516312,-1.0934792947595042,2018-11-12 16:37:00.784395,1.488305157679113,80.5936791207544,179.23938239314214,10.983573268392993
0,99.55587971975166,79.5471336312914,11.14019645085862,5.914115087608323,-1.046545489463,2018-11-12 16:37:00.801558,1.503512135599277,80.5936791207544,179.10301335104307,11.30443686052531
0,98.90175761610612,79.5962099891071,11.345761696334161,5.919594639347382,-0.997469131647307,2018-11-12 16:37:00.818881,1.5221830756999004,80.5936791207544,178.49796760521323,11.491304408063383
0,98.73381491525811,79.64425932649924,11.41317364462542,5.9282169635435915,-0.9494197942551637,2018-11-12 16:37:00.835713,1.5452514289648163,80.5936791207544,178.37807424175736,11.554231615290723
0,99.3236438702234,79.68505266479278,11.200252648806012,5.933343968384269,-0.9086264559616097,2018-11-12 16:37:00.852595,1.5700787817123554,80.5936791207544,179.00869653501618,11.357577795391142
0,100.17463936248106,79.72602316454424,11.36434245693497,5.941778718087757,-0.8676559562101716,2018-11-12 16:37:00.869835,1.5917844581561638,80.5936791207544,179.9006625270253,11.554231615290723
0,99.37901736878104,79.7611439352666,11.214069553373266,5.94656667906483,-0.8325351854878136,2018-11-12 16:37:00.887046,1.6109749782734055,80.5936791207544,179.14016130404764,11.373452177755109
0,99.37791392721357,79.78588154208076,10.8166504673159,5.951234941017476,-0.8077975786736431,2018-11-12 16:37:00.904788,1.6282072338731082,80.5936791207544,179.16379546929434,10.970091580935502
0,98.80378938740182,79.79898247452553,10.34489040368176,5.95176204684129,-0.7946966462288856,2018-11-12 16:37:00.922249,1.6379414831745314,80.5936791207544,178.60277186192738,10.47415038317552
0,97.80283469139454,79.83088793708887,11.34391108267236,5.956195699093672,-0.762791183665513,2018-11-12 16:37:00.939342,1.6369933366482732,80.5936791207544,177.63372262848338,11.4562306942506
0,97.0282172576076,79.8487989224659,10.645801940040549,5.96039910225369,-0.7448801982885129,2018-11-12 16:37:00.956855,1.6404267545607003,80.5936791207544,176.87701618007347,10.731390493781785
0,97.38775683662789,79.86273108554894,10.474206309347993,5.964497420334707,-0.730948035205472,2018-11-12 16:37:00.974089,1.6467129735736739,80.5936791207544,177.25048792217683,10.56696409429428
0,97.87928912306535,79.86683447006358,10.02698450864345,5.964605627663714,-0.7268446506908219,2018-11-12 16:37:00.990944,1.6443608469235576,80.5936791207544,177.7461235931289,10.127518346093616
0,97.98509165127422,79.86825842485723,9.879161701152606,5.964711129809495,-0.7254206958971849,2018-11-12 16:37:01.008015,1.6352075044551324,80.5936791207544,177.85335007613145,9.980772816868967
0,98.23623507763381,79.87550544107863,10.115891212441305,5.964813994401632,-0.7181736796757718,2018-11-12 16:37:01.024961,1.6198356567118464,80.5936791207544,178.11174051871242,10.226606361297213
0,98.53037265355351,79.89289644399885,10.531568539796536,5.969026073470857,-0.7007826767555514,2018-11-12 16:37:01.042048,1.606216800227477,80.5936791207544,178.42326909755238,10.65532607019666
0,98.20478723365574,79.90957623213522,10.421539367022909,5.9730281250575,-0.6841028886191793,2018-11-12 16:37:01.059752,1.601016242879405,80.5936791207544,178.11436346579097,10.534909685353925
0,99.06685968563642,79.94049736715712,11.10897179848729,5.9770348508603295,-0.6531817535972664,2018-11-12 16:37:01.076572,1.6009490661922219,80.5936791207544,179.00735705279354,11.256583729213949
0,99.7892929642477,79.97668092298889,11.378106154671945,5.984377328501916,-0.616998197765497,2018-11-12 16:37:01.093715,1.6084199839314328,80.5936791207544,179.76597388723656,11.554231615290723
0,99.30698655082381,80.0057076300941,11.076727441809048,5.988100324218634,-0.5879714906603226,2018-11-12 16:37:01.110638,1.6265473744141365,80.5936791207544,179.3126941809179,11.231687430436939
0,99.5385873785566,80.03864475421159,11.386785065960792,5.995166165026263,-0.5550343665428272,2018-11-12 16:37:01.127602,1.6444532186161003,80.5936791207544,179.57723213276822,11.554231615290723
0,98.82896177287972,80.06967276450477,11.410170810875004,6.001899201080501,-0.5240063562496289,2018-11-12 16:37:01.144583,1.6615592750638646,80.5936791207544,178.89863453738448,11.554231615290723
0,98.21181915497982,80.09458927297962,11.218336709296219,6.005079424476902,-0.49908984777476917,2018-11-12 16:37:01.161472,1.6804416833629707,80.5936791207544,178.30640842795947,11.34104826862302
0,99.07091199873048,80.09702954410952,10.21319933329111,6.004260418214231,-0.4966495766448702,2018-11-12 16:37:01.178514,1.6959366965526306,80.5936791207544,179.16794154284,10.348499335128066
0,99.96885295326513,80.0981569056026,10.239213653561809,6.003534724988272,-0.4955222151518228,2018-11-12 16:37:01.195508,1.6971988469388881,80.5936791207544,180.06700985886775,10.402776682779225
0,100.86466750716193,80.08186846292068,9.374770078711782,6.002884895628521,-0.5118106578337347,2018-11-12 16:37:01.212622,1.6865946078715657,80.5936791207544,180.94653597008258,9.551929121821985
0,100.64126105708135,80.07260331726519,9.661176013866443,6.0022513120027625,-0.5210758034892251,2018-11-12 16:37:01.229884,1.6662188008312901,80.5936791207544,180.7138643743465,9.836518910608465
0,100.41859600619642,80.04820922248489,8.781359244357747,5.996013758882581,-0.5454698982695163,2018-11-12 16:37:01.246977,1.6404151115753585,80.5936791207544,180.46680522868132,8.933643099050204
0,101.13894116591655,80.03257195604259,9.054088257169967,5.990040107660532,-0.5611071647118138,2018-11-12 16:37:01.264165,1.6099487439007298,80.5936791207544,181.17151312195915,9.233719916631312
0,100.53712007032055,80.00991740234375,8.510929862301085,5.984215797719033,-0.5837617184106421,2018-11-12 16:37:01.281903,1.5759053841716402,80.5936791207544,180.5470374726643,8.66173934032391
0,101.17717995800024,79.99702972679971,8.786174118468614,5.978537095526072,-0.5966493939546922,2018-11-12 16:37:01.298693,1.5421654311408113,80.5936791207544,181.17420968479996,8.961521377224187
0,101.08270656143543,80.004414523501,9.589133072577642,5.978512206902875,-0.5892645972534183,2018-11-12 16:37:01.315622,1.5094780816705047,80.5936791207544,181.0871210849364,9.777827486396026
0,101.95288780322039,79.99820737962959,8.71407594374875,5.973060667929455,-0.5954717411248112,2018-11-12 16:37:01.332529,1.491995027317781,80.5936791207544,181.95109518285,8.91298044924247
0,101.49145525564876,79.98685980572834,8.344398119356194,5.967660843981234,-0.6068193150260583,2018-11-12 16:37:01.349641,1.4776970602046013,80.5936791207544,181.47831506137712,8.520169315440405
0,101.89269214515008,79.96743161303603,7.84698525083361,5.954724634638933,-0.6262475077183751,2018-11-12 16:37:01.366430,1.45374921844263,80.5936791207544,181.86012375818612,8.023771955063003
0,101.1952288668939,79.95499280839107,8.034736051399882,5.94196606707387,-0.6386863123633475,2018-11-12 16:37:01.383154,1.4227051474528887,80.5936791207544,181.15022167528497,8.195173469742404
0,100.26228376956453,79.94544920026397,7.976485303261764,5.929348160813619,-0.6482299204904507,2018-11-12 16:37:01.406297,1.3908044909751605,80.5936791207544,180.2077329698285,8.110283300302022
0,100.1850999007869,79.93838574037997,7.893391056415559,5.917045702209875,-0.6552933803744168,2018-11-12 16:37:01.428011,1.3636075365768614,80.5936791207544,180.1234856411669,8.023771955063003
0,99.47895967820841,79.93706696434033,8.002589311821158,5.904858877278578,-0.6566121564140701,2018-11-12 16:37:01.445316,1.3389216680619664,80.5936791207544,179.41602664254873,8.11718563403211
0,99.59236183717036,79.93710138948344,7.907864754791665,5.89316865076321,-0.6565777312709429,2018-11-12 16:37:01.462135,1.318315246189805,80.5936791207544,179.5294632266538,8.023771955063003
0,98.62045201182696,79.9425046797829,8.039218595642076,5.881578752118079,-0.6511744409714879,2018-11-12 16:37:01.481486,1.3012586274597682,80.5936791207544,178.56295669160988,8.13456851554774
0,99.08889023447591,79.9666224581774,8.85934401400267,5.878235128048462,-0.6270566625769902,2018-11-12 16:37:01.498434,1.287698124156772,80.5936791207544,179.05551269265328,8.976476043033333
0,98.92938724533963,79.99018025514007,8.74728219587383,5.874975094580584,-0.6034988656143128,2018-11-12 16:37:01.515701,1.2867822419393236,80.5936791207544,178.91956750047973,8.858887851344349
0,99.49528789955195,80.0082464425742,8.463122995248295,5.871796561949404,-0.5854326781802115,2018-11-12 16:37:01.532725,1.2955325579775534,80.5936791207544,179.50353434212613,8.584964877685355
0,98.94188656392333,80.0397601906355,9.18279102289179,5.868697492634003,-0.5539189301188969,2018-11-12 16:37:01.550048,1.3017087332214374,80.5936791207544,178.98164675455885,9.300505644373166
0,98.89763092643511,80.08397776097416,9.850213295729327,5.871288034667405,-0.5097013597802516,2018-11-12 16:37:01.567058,1.312650727716173,80.5936791207544,178.98160868740928,9.97562070083506
0,99.5987330769824,80.11407040698319,9.21158281178845,5.868324563480608,-0.4796087137711993,2018-11-12 16:37:01.584109,1.3377738529216467,80.5936791207544,179.71280348396562,9.347509984647804
0,98.77428729597273,80.14741686059456,9.517813842051044,5.870924428742845,-0.44626226015984116,2018-11-12 16:37:01.601135,1.3629387432512157,80.5936791207544,178.92170415656727,9.635514678785789
0,98.54669868799806,80.16489577940533,8.875656303172228,5.8678471627576085,-0.42878334134906027,2018-11-12 16:37:01.618307,1.383501736557425,80.5936791207544,178.71159446740336,8.979550788917702
0,98.03089914548696,80.18735158300339,9.240966919431846,5.864717489343584,-0.4063275377509967,2018-11-12 16:37:01.635523,1.3981948392347678,80.5936791207544,178.21825072849037,9.336789786676015
0,97.02403703877263,80.20386268276769,9.025572715385499,5.861530264554627,-0.38981643798672394,2018-11-12 16:37:01.652808,1.4080040119954151,80.5936791207544,177.22789972154033,9.097398968587854
0,96.41440471987607,80.20331675466619,8.225761723850482,5.850187279854755,-0.39036236608819763,2018-11-12 16:37:01.671701,1.4177420527269151,80.5936791207544,176.61772147454226,8.28028753645781
0,96.40578115202624,80.21194032251604,8.725234915471093,5.8472210629608705,-0.3817387982383593,2018-11-12 16:37:01.688913,1.4159655794061097,80.5936791207544,176.61772147454226,8.783095719102285
0,96.40378476194724,80.21393671259503,8.379283264279866,5.8362358083008425,-0.379742408159359,2018-11-12 16:37:01.706089,1.410460929324333,80.5936791207544,176.61772147454226,8.434698614938737
0,96.39046759749345,80.22725387704881,8.897640804620941,5.833618378195806,-0.36642524370557794,2018-11-12 16:37:01.723327,1.4062773480847683,80.5936791207544,176.61772147454226,8.956431137793551
0,96.61218693474876,80.26038237102061,9.860110081217842,5.836896726434675,-0.3332967497337904,2018-11-12 16:37:01.740946,1.4047734942585195,80.5936791207544,176.8725693057694,9.93015649396701
0,97.51516393504392,80.2842409897491,9.39244874644431,5.834540813928724,-0.30943813100532225,2018-11-12 16:37:01.758092,1.4196639047279591,80.5936791207544,177.79940492479298,9.477976560066876
0,97.73936348563291,80.30665822408801,9.403948711142156,5.832243799235422,-0.28702089666637676,2018-11-12 16:37:01.776403,1.4404215078029539,80.5936791207544,178.04602170972092,9.494684482891385
0,97.04836541762205,80.33171445648959,9.653701027248495,5.835556511948301,-0.26196466426480924,2018-11-12 16:37:01.794279,1.4563839119200013,80.5936791207544,177.38007987411163,9.731320040603613
0,96.93634989163479,80.34585118439298,9.205647016270934,5.833098311594226,-0.24782793636143197,2018-11-12 16:37:01.812478,1.4735715286836375,80.5936791207544,177.28220107602777,9.277195240608739
0,96.53548986181795,80.35273589191345,8.93972297200148,5.830701566249003,-0.24094322884093344,2018-11-12 16:37:01.830177,1.486972310427074,80.5936791207544,176.88822575373143,9.001459194771881
0,96.841426456107,80.35508368108542,8.787481237974522,5.82836473953741,-0.238595439668984,2018-11-12 16:37:01.847997,1.4914594474179885,80.5936791207544,177.1965101371924,8.85379997903387
0,96.73400367467485,80.34675995098875,8.276583148947678,5.818026951921623,-0.24691916976564698,2018-11-12 16:37:01.865584,1.490110809772488,80.5936791207544,177.0807636256636,8.33695675366965
0,96.27918760631997,80.33853386822227,8.258200714281651,5.807771550037576,-0.25514525253214515,2018-11-12 16:37:01.885320,1.48094986006599,80.5936791207544,176.61772147454226,8.310713324679126
0,97.23080850207657,80.33190886886709,8.269768496564245,5.797948592159285,-0.26177025188729885,2018-11-12 16:37:01.902595,1.4662963223211058,80.5936791207544,177.5627173709437,8.339152803421781
0,96.7782731540496,80.34248082224612,9.030108366641016,5.796430589799935,-0.25119829850828523,2018-11-12 16:37:01.922226,1.4523265249630974,80.5936791207544,177.12075397629573,9.097123518483237
0,96.40876121101792,80.35196362888273,8.892450227504723,5.794808290157421,-0.2417154918716733,2018-11-12 16:37:01.939689,1.4480200445123204,80.5936791207544,176.76072483990066,8.951533942825511
0,96.77137988764258,80.37205496296967,9.395565262601757,5.793368795348118,-0.22162415778473132,2018-11-12 16:37:01.956889,1.4520045372233412,80.5936791207544,177.14343485061224,9.465300965829094
0,97.51949412609872,80.39374996653366,9.496747954852628,5.7977552183017895,-0.1999291542207402,2018-11-12 16:37:01.974032,1.4612510036405,80.5936791207544,177.91324409263237,9.583370735963824
0,96.52930085533279,80.41034617605769,9.301786107806919,5.796242050288877,-0.18333294469670136,2018-11-12 16:37:01.991135,1.477145943610448,80.5936791207544,176.93964703139048,9.36604292932618
0,96.20445539543681,80.41326607910545,8.707890585157292,5.79462446413414,-0.1804130416489329,2018-11-12 16:37:02.008630,1.4917082265370454,80.5936791207544,176.61772147454226,8.762132937717857
0,96.66931991775192,80.39972535196812,7.9668526259742665,5.785130183403435,-0.19395376878628667,2018-11-12 16:37:02.025707,1.4969559567817257,80.5936791207544,177.06904526972005,8.023771955063003
0,96.53040727662636,80.39637287734793,8.492461357793696,5.7839326412629815,-0.19730624340647296,2018-11-12 16:37:02.042498,1.4867967005172757,80.5936791207544,176.9267801539743,8.550862661995684
0,96.23386181489752,80.38385965964477,7.973871081886227,5.7745295971454,-0.209819461109646,2018-11-12 16:37:02.059381,1.4734174435533438,80.5936791207544,176.61772147454226,8.023771955063003
0,96.90356860280076,80.37295154586158,7.962886947589795,5.765537688089414,-0.22072757489280548,2018-11-12 16:37:02.076177,1.460239110863923,80.5936791207544,177.27652014866237,8.023771955063003
0,96.42756119780904,80.36398639219556,7.970805944006718,5.756594517801172,-0.22969272855885947,2018-11-12 16:37:02.093049,1.4430102557484366,80.5936791207544,176.79154759000457,8.023771955063003
0,97.3748807438622,80.36235289074294,8.225149854741316,5.748050985728792,-0.23132623001146158,2018-11-12 16:37:02.110075,1.4273313038098583,80.5936791207544,177.73723363460516,8.296877132533835
0,96.47221448104978,80.35766715721526,7.97008643144197,5.739544982999566,-0.23601196353914133,2018-11-12 16:37:02.127228,1.4162488205002437,80.5936791207544,176.82988163826505,8.023771955063003
0,96.26315852701481,80.35456294752744,7.973413327989635,5.73125163033857,-0.23911617322696088,2018-11-12 16:37:02.145151,1.4071889039216243,80.5936791207544,176.61772147454226,8.023771955063003
0,96.24814272811045,80.36957874643183,8.815743645014724,5.73125880468259,-0.22410037432257468,2018-11-12 16:37:02.162630,1.3973160279832006,80.5936791207544,176.61772147454226,8.87145419174227
0,96.23231765238921,80.38540382215304,8.799633574363009,5.73126579966801,-0.2082752986013645,2018-11-12 16:37:02.180501,1.3976693132334197,80.5936791207544,176.61772147454226,8.854961668538378
0,96.6160291290779,80.39219022208104,8.349734330580409,5.723355485548958,-0.20148889867334674,2018-11-12 16:37:02.197793,1.4078828680811837,80.5936791207544,177.00821935115897,8.40858986459575
0,97.44869856805963,80.39637275423885,8.266940743933297,5.7156429292828825,-0.19730636651553368,2018-11-12 16:37:02.215492,1.414151383438964,80.5936791207544,177.84507132229845,8.340477837258357
0,97.14960381212569,80.41389261882347,8.958777584919066,5.716182568495443,-0.17978650193094836,2018-11-12 16:37:02.233477,1.414703190318991,80.5936791207544,177.56349643094916,9.032569217022884
0,97.206405722179,80.43409821085373,9.096981317609293,5.716708716727689,-0.15958090990068285,2018-11-12 16:37:02.252353,1.4210597261419164,80.5936791207544,177.64050393303273,9.173142799347357
0,97.95679813689583,80.45303522437851,9.07063519966548,5.717357504464413,-0.14064389637587738,2018-11-12 16:37:02.269873,1.4359329317018248,80.5936791207544,178.40983336127437,9.162910567001164
0,98.8516259405215,80.487897664398,9.952863923947977,5.723731546202055,-0.10578145635639657,2018-11-12 16:37:02.287357,1.4519881370699634,80.5936791207544,179.33952360491952,10.078343595419076
0,99.4295745945384,80.51881369594332,9.856591882124322,5.7299462368962555,-0.07486542481109382,2018-11-12 16:37:02.304522,1.4762433274331968,80.5936791207544,179.9483882904817,9.99737292294461
0,98.43205378043069,80.55589046096513,10.31263314985929,5.735918223811224,-0.03778865978927115,2018-11-12 16:37:02.321715,1.5072609275953113,80.5936791207544,178.98794424139584,10.43096003394064
0,98.99814218082332,80.60739272704485,11.22063872661838,5.74585269714521,0.013713606290451708,2018-11-12 16:37:02.339019,1.5403126093841422,80.5936791207544,179.6055349078682,11.36758465102856
0,99.6586263682616,80.65803767381115,11.382656699391756,5.758974728629675,0.06435855305676341,2018-11-12 16:37:02.356218,1.5849449650921763,80.5936791207544,180.31666404207272,11.554231615290723
0,99.35343993776172,80.68461383036745,10.456465828049826,5.7683327893432,0.09093470961306593,2018-11-12 16:37:02.373486,1.6376275353416128,80.5936791207544,180.03805376812917,10.603808128156908
0,100.22630614105344,80.68681497686755,9.556437933847008,5.773505286839017,0.09313585611315034,2018-11-12 16:37:02.390677,1.6785114547432465,80.5936791207544,180.91312111792098,9.716601595026486
0,99.95746259899653,80.7020738455613,10.453838192667295,5.782590126822961,0.10839472480688528,2018-11-12 16:37:02.408392,1.6952285026742686,80.5936791207544,180.65953644455783,10.620593648931191
